{"eval_loss": 0.17843714356422424, "eval_accuracy": 0.9453947368421053, "eval_runtime": 12.0415, "eval_samples_per_second": 631.149, "eval_steps_per_second": 9.882, "epoch": 5.0}